abby-a.svg	abby a  person
abby-b.svg	abby b  person
abby-c.svg	abby c  person
abby-d.svg	abby d  person
airplane2.png	airplane2   transportation
alonzo.png	alonzo  character
Alonzo3D.png	alonzo (3D) character
alonzo.svg	alonzo (vector) character
amon.gif	amon    person
anina_pop_down.png	anina pop down  person
anina_pop_front.png	anina pop front	person
anina_pop_L_arm.png	anina pop L arm	person
anina_pop_left.png	anina pop left	person
anina_pop_R_arm.png	anina pop R arm	person
anina_pop_right.png	anina pop right	person
anina_pop_stand.png	anina pop stand	person
anina_R_cross.png	anina R cross	person
anina_stance.png	anina stance	person
anina_top_freeze.png	anina top freeze	person
anina_top_L_step.png	anina top L step	person
anina_top_R_step.png	anina top R step	person
anina_top_stand.png	anina top stand	person
anna01.png	anna01	person
anna02.png	anna02	person
anna03.png	anna03	person
anna04.png	anna04	person
anna05.png	anna05	person
anna06.png	anna06	person
anna07b.png	anna07b	person
anna07c.png	anna07c	person
anna07.png	anna07	person
anna08.png	anna08	person
anna09.png	anna09	person
anna10.png	anna10	person
anna11.png	anna11	person
anna12.png	anna12	person
anna-a.png	anna a	person
anna-b.png	anna b	person
apple.svg	apple	food
arrow1-a.svg	arrow1 a	object
arrow1-b.svg	arrow1 b    object
arrow1-c.svg	arrow1 c    object
arrow1-d.svg	arrow1 d    object
avery-a.svg	avery a person
avery-b.svg	avery b person
avery_walking-a.svg	avery walking a person
avery_walking-b.svg	avery walking b person
avery_walking-c.svg	avery walking c person
avery_walking-d.svg	avery walking d person
AZ_pop_down.png	AZ pop down person
AZ_pop_front.png	AZ pop front    person
AZ_pop_L_arm.png	AZ pop L arm    person
AZ_pop_left.png	AZ pop left person
AZ_pop_R_arm.png	AZ pop R arm    person
AZ_pop_right.png	AZ pop right    person
AZ_pop_stand.png	AZ pop stand    person
AZ_stance.png	AZ stance   person
AZ_top_freeze.png	AZ top freeze   person
AZ_top_L_step.png	AZ top L step   person
AZ_top_R_cross.png	AZ top R cross  person
AZ_top_R_step.png	AZ top R step   person
AZ_top_stand.png	AZ top stand    person
ball-a.svg	ball a  sports
ball-b.svg	ball b  sports
ball-c.svg	ball c  sports
ball-d.svg	ball d  sports
ballerina-a.svg	ballerina a character
ballerina-b.svg	ballerina b character
ballerina-c.svg	ballerina c character
ballerina-d.svg	ballerina d character
ball-e.svg	ball e  sports
balloon1-a.svg	balloon1 a  object
balloon1-b.svg	balloon1 b  object
balloon1-c.svg	balloon1 c  object
ball-soccer.svg	ball soccer sports
bananas.svg	bananas food
baseball.svg	baseball    sports
basketball.svg	basketball  sports
bass.svg	bass    music
bat1-a_.svg	bat1 a animal
bat1-b_.svg	bat1 b animal
bat2-a_.svg	bat2 a animal
bat2-b_.svg	bat2 b animal
beachball.svg	beachball   sports
bear2-a.svg	bear2 a animal
bear2-b.svg	bear2 b animal
beetle.svg	beetle  animal
bell1.svg	bell1   music
bells-a.svg	bells a music
bells-b.svg	bells b music
bowl-a.svg	bowl a  object
bowtie-a.svg	bowtie a    object
bowtie-b.svg	bowtie b    object
boy1-standing.gif	boy1 standing   character
boy1-walking.gif	boy1 walking    character
boy2.gif	boy2    character
boy3.gif	boy3    character
building-a.svg	building a  place
building-b.svg	building b  place
building-c.svg	building c  place
building-d.svg	building d  place
building-e.svg	building e  place
building-f.svg	building f  place
building-g.svg	building g  place
building-h.svg	building h  place
building-i.svg	building i  place
building-j.svg	building j  place
bus.png	bus transportation
butterfly1-a.svg	butterfly1 a    animal
butterfly1-b_.svg	butterfly1 b    animal
butterfly2_.svg	butterfly2  animal
butterfly3_.svg	butterfly3  animal
button1.svg	button1 object
button2-a.svg	button2 a   object
button2-b.svg	button2 b   object
button3-a.svg	button3 a   object
button3-b.svg	button3 b   object
button4-a.svg	button4 a   object
button4-b.svg	button4 b   object
button5-a.svg	button5 a   object
button5-b.svg	button5 b   object
cake-a.svg	cake a  food
cake-b.svg	cake b  food
calvrett_jumping.png	calvrett jumping    person
calvrett_thinking.png	calvrett thinking   person
candle1-a.svg	candle1 a   object
candle1-b.svg	candle1 b   object
candles1.svg	candles1    object
candles2.svg	candles2    object
car-bug.png	car bug transportation
cassy-a.png	cassy a person
cassy-b.png	cassy b person
cassy-c.png	cassy c person
cassy_dance-a.png	cassy dance a   person
cassy_dance-b.png	cassy dance b   person
cassy_dance-c.png	cassy dance c   person
cassy_dance-d.png	cassy dance d   person
cassy-d.png	cassy d person
cat2.gif	cat2    animal
cat2.svg	cat2    animal
cat3.png	cat3    animal
cat4.png	cat4    animal
cat5.gif	cat5    animal
catherine-a.png	catherine a person
catherine-b.png	catherine b person
catherine-c.png	catherine c person
catherine-d.png	catherine d person
champ99-a.png	champ99 a   person
champ99-b.png	champ99 b   person
champ99-c.png	champ99 c   person
champ99-d.png	champ99 d   person
champ99-e.png	champ99 e   person
champ99-f.png	champ99 f   person
champ99-g.png	champ99 g   person
cheesy-puffs.png	cheesy puffs    food
cloud-a.svg	cloud a object
cloud-b.svg	cloud b object
cloud-c.svg	cloud c object
cloud-d.svg	cloud d object
cloud.svg	cloud   object
cm_pop_L_arm.png	cm pop L arm    person
cm_pop_R_arm.png	cm pop R arm    person
cm_top_L_cross.png	cm top L cross  person
cm_top_L_leg.png	cm top L leg    person
cm_top_R_cross.png	cm top R cross  person
cm_top_ready.png	cm top ready    person
cm_top_R_leg.png	cm top R leg    person
cm_top_stand.png	cm top stand    person
convertible1.png	convertible1    transportation
convertible2.png	convertible2    transportation
convertible3.svg	convertible3    transportation
cowbell.svg	cowbell music
crab-a.svg	crab a  animal
crab-b.svg	crab b  animal
creature1-a.svg	creature1 a character
creature1-b.svg	creature1 b character
creature1-c.svg	creature1 c character
cymbal-a.svg	cymbal a    music
cymbal-b.svg	cymbal b    music
dan-a.png	dan a   person
dan-b.png	dan b   person
dani-a.svg	dani a  character
dani-b.svg	dani b  character
dani-c.svg	dani c  character
dee-a.svg	dee a   character
dee-b.svg	dee b   character
dee-c.svg	dee c   character
dee-d.svg	dee d   character
dee-e.svg	dee e   character
derec01.png	derec a character
derec02.png	derec b character
derec03.png	derec c character
derec04.png	derec d character
derec05.png	derec e character
derec06.png	derec f character
devin-a.svg	devin a character
devin-b.svg	devin b character
devin-c.svg	devin c character
devin-d.svg	devin d character
dinosaur1-a.svg	dinosaur1 a animal
dinosaur1-b.svg	dinosaur1 b animal
dinosaur1-c.svg	dinosaur1 c animal
dinosaur1-d.svg	dinosaur1 d animal
dinosaur1-e.svg	dinosaur1 e animal
dinosaur1-f.svg	dinosaur1 f animal
dinosaur1-g.svg	dinosaur1 g animal
dinosaur2-a.svg	dinosaur2 a animal
dinosaur2-b.svg	dinosaur2 b animal
dinosaur3.svg	dinosaur3   animal
diver1.svg	diver1  character
diver2.svg	diver2  character
dm_freeze.png	dm freeze   person
dm_pop_down.png	dm pop down person
dm_pop_front.png	dm pop front    person
dm_pop_L_arm.png	dm pop L arm    person
dm_pop_left.png	dm pop left person
dm_pop_R_arm.png	dm pop R arm    person
dm_pop_right.png	dm pop right    person
dm_pop_stand.png	dm pop stand    person
dm_stance.svg	dm stance   person
dm_top_L_leg.png	dm top L leg    person
dm_top_R_leg.png	dm top R leg    person
dm_top_stand.png	dm top stand    person
dog1-a.svg	dog1 a  animal
dog1-b.svg	dog1 b  animal
dog2-a.svg	dog2 a  animal
dog2-b.svg	dog2 b  animal
dog2-c.svg	dog2 c  animal
dog_puppy_back.png	dog puppy back  animal
dog_puppy_right.png	dog puppy right animal
dog_puppy_side.png	dog puppy side  animal
dog_puppy_sit.png	dog puppy sit   animal
donut.svg	donut   food
dove1-a.svg	dove1 a animal
dove1-b.svg	dove1 b animal
dove2-a.svg	dove2 a animal
dove2-b.svg	dove2 b animal
dragon1-a.svg	dragon1 a   animal
dragon1-b.png	dragon1 b   animal
dragon1-b.svg	dragon1 b   animal
dragon2.gif	dragon2 animal
drum1-a.svg	drum1 a music
drum1-b.svg	drum1 b music
drum2-a.svg	drum2 a music
drum2-b.svg	drum2 b music
drum_bass-a.svg	drum bass a music
drum_bass-b.svg	drum bass b music
drums_conga-a.svg	drums conga a   music
drums_conga-b.svg	drums conga b   music
drum_snare-a.svg	drum snare a    music
drum_snare-b.svg	drum snare b    music
duck.svg	duck    animal
earth.svg	earth   place
elephant-a_.svg	elephant a  animal 
elephant-b_.svg	elephant b  animal
fire_hydrant.png	fire hydrant    object
fish1.svg	fish1   animal
fish2.svg	fish2   animal
fish3.svg	fish3   animal
flower_shape.svg	flower shape    object
football_running.png	football running    sports
football_standing.png	football standing   sports
fortunecookie.png	fortunecookie   food
fox.svg	fox animal
frog.svg	frog    animal
fruit_platter.png	fruit platter   animal
fruitsalad.svg	fruitsalad  animal
ghost1_.svg	ghost1 
ghost2-a.svg	ghost2 a
ghost2-b.svg	ghost2 b
ghoul-a.svg	ghoul a
ghoul-b.svg	ghoul b
gift-a.svg	gift a
gift-b.svg	gift b
girl1-standing.gif	girl1 standing
girl1-walking.gif	girl1 walking
girl2-shouting.gif	girl2 shouting
girl2-standing.gif	girl2 standing
girl3-basketball.gif	girl3 basketball
girl3-running.gif	girl3 running
girl3-standing.gif	girl3 standing
glasses.svg	glasses
glass_water-a.svg	glass water a
glass_water-b.svg	glass water b
green_flag.svg	green flag
guitar_bass.svg	guitar bass
guitar_electric.svg	guitar electric
guitar.svg	guitar
hannah-a.png	hannah a
hannah-b.png	hannah b
hannah-c.png	hannah c
hat_beanie.svg	hat beanie
hat_party2-a.svg	hat party2 a
Hat.svg	Hat
hat_winter.svg	hat winter
hat_wizard.svg	hat wizard
headband.svg	headband
heart_code.svg	heart code
heart_face.svg	heart face
heart_love_it.svg	heart love it
heart_purple.svg	heart purple
heart_red.svg	heart red
heart_smile.svg	heart smile
heart_sweet.svg	heart sweet
helicopter.png	helicopter
hippo1-a.svg	hippo1 a
hippo1-b.svg	hippo1 b
holly1.svg	holly1
holly2.svg	holly2
home_button.svg	home button
horse1-a.svg	horse1 a
horse1-b.svg	horse1 b
jahrd01.png	jahrd a
jahrd02.png	jahrd b
jahrd03.png	jahrd c
jahrd04.png	jahrd d
jahrd05.png	jahrd e
jahrd06.png	jahrd f
jaime-a.png	jaime a
jaime-b.png	jaime b
jaime_walking-a.png	jaime walking a
jaime_walking-b.png	jaime walking b
jaime_walking-c.png	jaime walking c
jaime_walking-d.png	jaime walking d
jaime_walking-e.png	jaime walking e
jamet01.png	jamet a
jamet02.png	jamet b
jamet03.png	jamet c
jamet04.png	jamet d
jamet05.png	jamet e
jamet06.png	jamet f
jamet06-wall.png	jamet f's wall
jay.gif	jay
jeans-a.svg	jeans a
jeans-b.svg	jeans b
jodi.gif	jodi
jo_pop_down.png	jo pop down
jo_pop_front.png	jo pop front
jo_pop_L_arm.png	jo pop L arm
jo_pop_left.png	jo pop left
jo_pop_R_arm.png	jo pop R arm
jo_pop_right.png	jo pop right
jo_pop_stand.png	jo pop stand
jo_stance.png	jo stance
jo_top_L_cross.png	jo top L cross
jo_top_L_leg.png	jo top L leg
jo_top_R_cross.png	jo top R cross
jo_top_R_leg.png	jo top R leg
jo_top_stand.png	jo top stand
keyboard-a.svg	keyboard a
keyboard-b.svg	keyboard b
keyboard-c.svg	keyboard c
keyboard-d.svg	keyboard d
key.svg	key
khalid-a.png	khalid a
Khalid-b.png	Khalid b
khalid-c.png	khalid c
khalid-d.png	khalid d
knight.svg	knight
ladybug2-a.svg	ladybug2 a
ladybug2-b.svg	ladybug2 b
ladybug2.svg	ladybug2
lamp.png	lamp
laptop.svg	laptop
lb_pop_down.png	lb pop down
lb_pop_front.png	lb pop front
lb_pop_L_arm.png	lb pop L arm
lb_pop_left.png	lb pop left
lb_pop_R_arm.png	lb pop R arm
lb_pop_right.png	lb pop right
lb_pop_stand.png	lb pop stand
lb_stance.png	lb stance
lb_top_L_cross.png	lb top L cross
lb_top_L_leg.png	lb top L leg
lb_top_R_cross.png	lb top R cross
lb_top_R_leg.png	lb top R leg
lb_top_stand.png	lb top stand
lightning.svg	lightning
lion-a.svg	lion a
lion-b.svg	lion b
lioness.svg	lioness
lorenz01.png	lorenz01
lorenz02.png	lorenz02
lorenz03.png	lorenz03
lorenz04.png	lorenz04
lorenz05.png	lorenz05
lorenz06.png	lorenz06
lorenz07b.png	lorenz07b
lorenz07.png	lorenz07
magiccarpet.png	magiccarpet
magicwand.svg	magicwand
marble-building.png	marble building
marissa-crouching.gif	marissa crouching
marissa.gif	marissa
marissa-sitting.gif	marissa sitting
maya.png	maya
microphonestand.svg	microphonestand
microphone.svg	microphone
monkey1-a.svg	monkey1 a
monkey1-b.svg	monkey1 b
monkey2-a.svg	monkey2 a
monkey2-b.svg	monkey2 b
monkey2-c.svg	monkey2 c
mori.png	mori
mouse1-a.svg	mouse1 a
mouse1-b.svg	mouse1 b
muffin-a.svg	muffin a
muffin-b.svg	muffin b
octopus-a.svg	octopus a
octopus-b.svg	octopus b
orange2-a.svg	orange2 a
orange2-b.svg	orange2 b
orange2-c.svg	orange2 c
orange.svg	orange
paddle.svg	paddle
palmtree.gif	palmtree
parrot2-a.svg	parrot2 a
parrot2-b.svg	parrot2 b
parrot-a.svg	parrot a
parrot-b.svg	parrot b
partyhat1.svg	partyhat1
paul.gif	paul
pencil-a.svg	pencil a
pencil-b.svg	pencil b
penguin1.svg	penguin1
penguin1_talk-a.svg	penguin1 talk a
penguin1_talk-b.svg	penguin1 talk b
penguin2.svg	penguin2
penguin2_talk-a.svg	penguin2 talk a
penguin2_talk-b.svg	penguin2 talk b
penguin3-a.svg	penguin3 a
penguin3-b.svg	penguin3 b
penguin3-c.svg	penguin3 c
piano.svg	piano
planet2.svg	planet2
princess.svg	princess
prince.svg	prince
rainbow.svg	rainbow
referee.gif	referee
reindeer.svg	reindeer
robot1.svg	robot1
rocks.svg	rocks
rory.png	rory
ruby-a.png	ruby a
ruby-b.png	ruby b
sail-boat.png	sail boat
sam.gif	sam
saxophone-a.svg	saxophone a
saxophone-b.svg	saxophone b
scarf1.svg	scarf1
scarf2.svg	scarf2
shark-a_.svg	shark a 
shark-b_.svg	shark b 
shark-c_.svg	shark c 
shirt2-a2.svg	shirt2 a2
shirt2-a.svg	shirt2 a
shirt-a.svg	shirt a
shirt_blouse.svg	shirt blouse
shirt-b.svg	shirt b
shirt_collar-a.svg	shirt collar a
shirt_collar-b.svg	shirt collar b
shirt_collar-c.svg	shirt collar c
shoes1.svg	shoes1
shoes2.svg	shoes2
Singer1.svg	Singer1
skates.svg	skates
sl_pop_L_arm.png	sl pop L arm
sl_pop_R_arm.png	sl pop R arm
sl_top_L_cross.png	sl top L cross
sl_top_L_leg.png	sl top L leg
sl_top_R_cross.png	sl top R cross
sl_top_ready.png	sl top ready
sl_top_R_leg.png	sl top R leg
sl_top_stand.png	sl top stand
snowflake.svg	snowflake
snowman.svg	snowman
spaceship-a.svg	spaceship a
spaceship-b.svg	spaceship b
speaker.svg	speaker
squirrel1.png	squirrel1
star1.svg	star1
star2.svg	star2
star3-a.svg	star3 a
star3-b.svg	star3 b
starfish-a.svg	starfish a
starfish-b_.svg	starfish b 
stop.svg	stop
street-cleaner-mit.png	street cleaner mit
sunglasses1.svg	sunglasses1
sunglasses2.svg	sunglasses2
sun.svg	sun
tabla-a.svg	tabla a
tabla-b.svg	tabla b
taco-a.svg	taco a
taco-b.svg	taco b
tennisball.png	tennisball
trampoline.png	trampoline
tree1.svg	tree1
tree2.svg	tree2
tree-lights-a.svg	tree lights a
tree-lights-b.svg	tree lights b
trees-a.svg	trees a
trees-b.svg	trees b
trombone-a.svg	trombone a
trombone-b.svg	trombone b
trumpet-a2.svg	trumpet a2
trumpet-a.svg	trumpet a
turtle01_colour.png	Tad 1
turtle02_colour_resized.png	Tad 2
turtle03.png	Tad 3
turtle04.png	Tad 4
turtle05.png	Tad 5
turtle06.png	Tad 6
ukulele.svg	ukulele
umbrella.png	umbrella
unicorn1.png	unicorn1
unicorn.svg	unicorn
vest-a.svg	vest a
vest-b.svg	vest b
wanda.svg	wanda
watermelon-a.svg	watermelon a
watermelon-b.svg	watermelon b
watermelon-c.svg	watermelon c
witch.svg	witch
wizard1.svg	wizard1
wizard2.svg	wizard2
wizard.svg	wizard
